text,sentiment
Government announces tax relief for middle class,1
New green policy to reduce emissions,1
Peace talks between nations show progress,1
COVID-19 vaccine shows 95% effectiveness,1
Peace talks between nations show progress,1
Breakthrough in cancer treatment announced,1
Floods displace thousands in coastal region,0
Terror attack kills dozens,0
COVID-19 vaccine shows 95% effectiveness,1
Terror attack kills dozens,0
"Oil prices surge, causing market panic",0
Breakthrough in cancer treatment announced,1
Wildfires destroy thousands of acres,0
Education reforms receive widespread praise,1
Stock market plunges amid global tensions,0
Peace talks between nations show progress,1
COVID-19 cases spike across the country,0
COVID-19 vaccine shows 95% effectiveness,1
Political unrest leads to violent protests,0
Stock market reaches record high,1
Education reforms receive widespread praise,1
Political unrest leads to violent protests,0
Education reforms receive widespread praise,1
Stock market reaches record high,1
New green policy to reduce emissions,1
Massive earthquake devastates city,0
Government announces tax relief for middle class,1
Terror attack kills dozens,0
Wildfires destroy thousands of acres,0
Peace talks between nations show progress,1
Stock market plunges amid global tensions,0
Peace talks between nations show progress,1
"Oil prices surge, causing market panic",0
Corruption scandal rocks local government,0
Breakthrough in cancer treatment announced,1
Education reforms receive widespread praise,1
COVID-19 cases spike across the country,0
Corruption scandal rocks local government,0
Terror attack kills dozens,0
Government announces tax relief for middle class,1
Corruption scandal rocks local government,0
COVID-19 cases spike across the country,0
Wildfires destroy thousands of acres,0
Stock market plunges amid global tensions,0
Unemployment rate drops significantly,1
Floods displace thousands in coastal region,0
Education reforms receive widespread praise,1
Unemployment rate drops significantly,1
Floods displace thousands in coastal region,0
Floods displace thousands in coastal region,0
COVID-19 cases spike across the country,0
Unemployment rate drops significantly,1
Stock market reaches record high,1
Political unrest leads to violent protests,0
Political unrest leads to violent protests,0
Stock market plunges amid global tensions,0
Peace talks between nations show progress,1
Terror attack kills dozens,0
Corruption scandal rocks local government,0
Wildfires destroy thousands of acres,0
New green policy to reduce emissions,1
Data breach affects millions of users,0
Corruption scandal rocks local government,0
Government announces tax relief for middle class,1
Data breach affects millions of users,0
Stock market plunges amid global tensions,0
Unemployment rate drops significantly,1
Wildfires destroy thousands of acres,0
"Oil prices surge, causing market panic",0
Floods displace thousands in coastal region,0
Local startup raises $10M in funding,1
Rain brings relief after long drought,1
Floods displace thousands in coastal region,0
Political unrest leads to violent protests,0
Peace talks between nations show progress,1
Stock market reaches record high,1
Education reforms receive widespread praise,1
Terror attack kills dozens,0
New green policy to reduce emissions,1
Massive earthquake devastates city,0
Corruption scandal rocks local government,0
COVID-19 cases spike across the country,0
Education reforms receive widespread praise,1
Government announces tax relief for middle class,1
Government announces tax relief for middle class,1
Peace talks between nations show progress,1
Data breach affects millions of users,0
Rain brings relief after long drought,1
Government announces tax relief for middle class,1
Corruption scandal rocks local government,0
Education reforms receive widespread praise,1
Breakthrough in cancer treatment announced,1
Peace talks between nations show progress,1
Wildfires destroy thousands of acres,0
"Oil prices surge, causing market panic",0
Peace talks between nations show progress,1
Floods displace thousands in coastal region,0
Data breach affects millions of users,0
Data breach affects millions of users,0
Massive earthquake devastates city,0
Wildfires destroy thousands of acres,0
Peace talks between nations show progress,1
Wildfires destroy thousands of acres,0
New green policy to reduce emissions,1
"Oil prices surge, causing market panic",0
Terror attack kills dozens,0
Unemployment rate drops significantly,1
Political unrest leads to violent protests,0
Stock market plunges amid global tensions,0
Local startup raises $10M in funding,1
New green policy to reduce emissions,1
Political unrest leads to violent protests,0
COVID-19 cases spike across the country,0
Stock market plunges amid global tensions,0
Wildfires destroy thousands of acres,0
Rain brings relief after long drought,1
"Oil prices surge, causing market panic",0
Local startup raises $10M in funding,1
Rain brings relief after long drought,1
Local startup raises $10M in funding,1
Local startup raises $10M in funding,1
COVID-19 cases spike across the country,0
Breakthrough in cancer treatment announced,1
Data breach affects millions of users,0
Wildfires destroy thousands of acres,0
Corruption scandal rocks local government,0
Terror attack kills dozens,0
COVID-19 vaccine shows 95% effectiveness,1
"Oil prices surge, causing market panic",0
Political unrest leads to violent protests,0
Data breach affects millions of users,0
Breakthrough in cancer treatment announced,1
Massive earthquake devastates city,0
Local startup raises $10M in funding,1
Political unrest leads to violent protests,0
Wildfires destroy thousands of acres,0
Local startup raises $10M in funding,1
"Oil prices surge, causing market panic",0
Data breach affects millions of users,0
Education reforms receive widespread praise,1
Rain brings relief after long drought,1
Education reforms receive widespread praise,1
"Oil prices surge, causing market panic",0
Corruption scandal rocks local government,0
Stock market plunges amid global tensions,0
"Oil prices surge, causing market panic",0
Wildfires destroy thousands of acres,0
Stock market plunges amid global tensions,0
Data breach affects millions of users,0
COVID-19 vaccine shows 95% effectiveness,1
Corruption scandal rocks local government,0
Local startup raises $10M in funding,1
Wildfires destroy thousands of acres,0
Massive earthquake devastates city,0
Terror attack kills dozens,0
Local startup raises $10M in funding,1
Unemployment rate drops significantly,1
"Oil prices surge, causing market panic",0
COVID-19 cases spike across the country,0
New green policy to reduce emissions,1
COVID-19 cases spike across the country,0
Stock market reaches record high,1
Peace talks between nations show progress,1
Peace talks between nations show progress,1
Corruption scandal rocks local government,0
Local startup raises $10M in funding,1
Rain brings relief after long drought,1
"Oil prices surge, causing market panic",0
Education reforms receive widespread praise,1
Stock market plunges amid global tensions,0
New green policy to reduce emissions,1
COVID-19 cases spike across the country,0
Education reforms receive widespread praise,1
Political unrest leads to violent protests,0
Education reforms receive widespread praise,1
Local startup raises $10M in funding,1
Local startup raises $10M in funding,1
Corruption scandal rocks local government,0
Massive earthquake devastates city,0
Unemployment rate drops significantly,1
Education reforms receive widespread praise,1
Rain brings relief after long drought,1
Massive earthquake devastates city,0
Peace talks between nations show progress,1
Government announces tax relief for middle class,1
Stock market reaches record high,1
Massive earthquake devastates city,0
Data breach affects millions of users,0
Massive earthquake devastates city,0
Stock market plunges amid global tensions,0
Education reforms receive widespread praise,1
Floods displace thousands in coastal region,0
Local startup raises $10M in funding,1
COVID-19 cases spike across the country,0
Peace talks between nations show progress,1
Data breach affects millions of users,0
Stock market plunges amid global tensions,0
Unemployment rate drops significantly,1
Corruption scandal rocks local government,0
Stock market plunges amid global tensions,0
COVID-19 vaccine shows 95% effectiveness,1
Breakthrough in cancer treatment announced,1
Corruption scandal rocks local government,0
COVID-19 cases spike across the country,0
Wildfires destroy thousands of acres,0
COVID-19 vaccine shows 95% effectiveness,1
COVID-19 cases spike across the country,0
New green policy to reduce emissions,1
Wildfires destroy thousands of acres,0
Corruption scandal rocks local government,0
Floods displace thousands in coastal region,0
Breakthrough in cancer treatment announced,1
Massive earthquake devastates city,0
Floods displace thousands in coastal region,0
"Oil prices surge, causing market panic",0
"Oil prices surge, causing market panic",0
Rain brings relief after long drought,1
Breakthrough in cancer treatment announced,1
Government announces tax relief for middle class,1
COVID-19 cases spike across the country,0
Corruption scandal rocks local government,0
Political unrest leads to violent protests,0
Massive earthquake devastates city,0
Government announces tax relief for middle class,1
Data breach affects millions of users,0
Local startup raises $10M in funding,1
Corruption scandal rocks local government,0
COVID-19 vaccine shows 95% effectiveness,1
Government announces tax relief for middle class,1
Breakthrough in cancer treatment announced,1
Massive earthquake devastates city,0
Education reforms receive widespread praise,1
Wildfires destroy thousands of acres,0
Political unrest leads to violent protests,0
Stock market reaches record high,1
Wildfires destroy thousands of acres,0
Education reforms receive widespread praise,1
New green policy to reduce emissions,1
Political unrest leads to violent protests,0
"Oil prices surge, causing market panic",0
COVID-19 vaccine shows 95% effectiveness,1
COVID-19 vaccine shows 95% effectiveness,1
Unemployment rate drops significantly,1
Peace talks between nations show progress,1
Education reforms receive widespread praise,1
Stock market reaches record high,1
Corruption scandal rocks local government,0
COVID-19 vaccine shows 95% effectiveness,1
Education reforms receive widespread praise,1
Data breach affects millions of users,0
Government announces tax relief for middle class,1
COVID-19 vaccine shows 95% effectiveness,1
Unemployment rate drops significantly,1
Wildfires destroy thousands of acres,0
Government announces tax relief for middle class,1
Government announces tax relief for middle class,1
New green policy to reduce emissions,1
Wildfires destroy thousands of acres,0
"Oil prices surge, causing market panic",0
Local startup raises $10M in funding,1
Political unrest leads to violent protests,0
Wildfires destroy thousands of acres,0
Peace talks between nations show progress,1
Local startup raises $10M in funding,1
Terror attack kills dozens,0
Stock market plunges amid global tensions,0
Corruption scandal rocks local government,0
Education reforms receive widespread praise,1
Peace talks between nations show progress,1
Stock market plunges amid global tensions,0
Education reforms receive widespread praise,1
Political unrest leads to violent protests,0
New green policy to reduce emissions,1
Government announces tax relief for middle class,1
Massive earthquake devastates city,0
Breakthrough in cancer treatment announced,1
COVID-19 vaccine shows 95% effectiveness,1
COVID-19 vaccine shows 95% effectiveness,1
Rain brings relief after long drought,1
Peace talks between nations show progress,1
"Oil prices surge, causing market panic",0
Stock market reaches record high,1
Stock market plunges amid global tensions,0
COVID-19 cases spike across the country,0
Education reforms receive widespread praise,1
Peace talks between nations show progress,1
Stock market reaches record high,1
Breakthrough in cancer treatment announced,1
Peace talks between nations show progress,1
Education reforms receive widespread praise,1
Breakthrough in cancer treatment announced,1
COVID-19 vaccine shows 95% effectiveness,1
COVID-19 vaccine shows 95% effectiveness,1
Education reforms receive widespread praise,1
Local startup raises $10M in funding,1
Peace talks between nations show progress,1
Massive earthquake devastates city,0
New green policy to reduce emissions,1
Stock market plunges amid global tensions,0
Education reforms receive widespread praise,1
"Oil prices surge, causing market panic",0
Education reforms receive widespread praise,1
Stock market reaches record high,1
Stock market reaches record high,1
Stock market plunges amid global tensions,0
Massive earthquake devastates city,0
Rain brings relief after long drought,1
Political unrest leads to violent protests,0
New green policy to reduce emissions,1
Local startup raises $10M in funding,1
Data breach affects millions of users,0
Political unrest leads to violent protests,0
Peace talks between nations show progress,1
Wildfires destroy thousands of acres,0
New green policy to reduce emissions,1
New green policy to reduce emissions,1
Unemployment rate drops significantly,1
Data breach affects millions of users,0
New green policy to reduce emissions,1
Corruption scandal rocks local government,0
Political unrest leads to violent protests,0
Massive earthquake devastates city,0
Corruption scandal rocks local government,0
Corruption scandal rocks local government,0
Rain brings relief after long drought,1
Local startup raises $10M in funding,1
Political unrest leads to violent protests,0
Data breach affects millions of users,0
Massive earthquake devastates city,0
COVID-19 vaccine shows 95% effectiveness,1
"Oil prices surge, causing market panic",0
Breakthrough in cancer treatment announced,1
Wildfires destroy thousands of acres,0
Terror attack kills dozens,0
Corruption scandal rocks local government,0
Stock market plunges amid global tensions,0
Peace talks between nations show progress,1
Political unrest leads to violent protests,0
Terror attack kills dozens,0
Terror attack kills dozens,0
Breakthrough in cancer treatment announced,1
New green policy to reduce emissions,1
Floods displace thousands in coastal region,0
Rain brings relief after long drought,1
New green policy to reduce emissions,1
COVID-19 vaccine shows 95% effectiveness,1
Stock market reaches record high,1
COVID-19 vaccine shows 95% effectiveness,1
Political unrest leads to violent protests,0
"Oil prices surge, causing market panic",0
Wildfires destroy thousands of acres,0
Local startup raises $10M in funding,1
"Oil prices surge, causing market panic",0
Political unrest leads to violent protests,0
Political unrest leads to violent protests,0
"Oil prices surge, causing market panic",0
Breakthrough in cancer treatment announced,1
Unemployment rate drops significantly,1
Stock market plunges amid global tensions,0
Stock market plunges amid global tensions,0
Stock market plunges amid global tensions,0
New green policy to reduce emissions,1
Stock market reaches record high,1
Wildfires destroy thousands of acres,0
Education reforms receive widespread praise,1
Government announces tax relief for middle class,1
Breakthrough in cancer treatment announced,1
Breakthrough in cancer treatment announced,1
Government announces tax relief for middle class,1
COVID-19 cases spike across the country,0
Data breach affects millions of users,0
Floods displace thousands in coastal region,0
Breakthrough in cancer treatment announced,1
Massive earthquake devastates city,0
COVID-19 cases spike across the country,0
"Oil prices surge, causing market panic",0
Wildfires destroy thousands of acres,0
Stock market reaches record high,1
Floods displace thousands in coastal region,0
Stock market reaches record high,1
Education reforms receive widespread praise,1
Peace talks between nations show progress,1
Rain brings relief after long drought,1
Local startup raises $10M in funding,1
Peace talks between nations show progress,1
Rain brings relief after long drought,1
Breakthrough in cancer treatment announced,1
New green policy to reduce emissions,1
Floods displace thousands in coastal region,0
"Oil prices surge, causing market panic",0
Stock market plunges amid global tensions,0
COVID-19 cases spike across the country,0
"Oil prices surge, causing market panic",0
Local startup raises $10M in funding,1
Breakthrough in cancer treatment announced,1
"Oil prices surge, causing market panic",0
COVID-19 cases spike across the country,0
Floods displace thousands in coastal region,0
Peace talks between nations show progress,1
Corruption scandal rocks local government,0
"Oil prices surge, causing market panic",0
Data breach affects millions of users,0
Data breach affects millions of users,0
Unemployment rate drops significantly,1
COVID-19 vaccine shows 95% effectiveness,1
Peace talks between nations show progress,1
Data breach affects millions of users,0
"Oil prices surge, causing market panic",0
Peace talks between nations show progress,1
Wildfires destroy thousands of acres,0
Rain brings relief after long drought,1
Education reforms receive widespread praise,1
Wildfires destroy thousands of acres,0
Education reforms receive widespread praise,1
Government announces tax relief for middle class,1
Massive earthquake devastates city,0
Wildfires destroy thousands of acres,0
Education reforms receive widespread praise,1
Massive earthquake devastates city,0
Floods displace thousands in coastal region,0
Rain brings relief after long drought,1
New green policy to reduce emissions,1
Wildfires destroy thousands of acres,0
Peace talks between nations show progress,1
COVID-19 vaccine shows 95% effectiveness,1
COVID-19 vaccine shows 95% effectiveness,1
Stock market plunges amid global tensions,0
COVID-19 vaccine shows 95% effectiveness,1
COVID-19 cases spike across the country,0
Stock market plunges amid global tensions,0
Breakthrough in cancer treatment announced,1
Local startup raises $10M in funding,1
COVID-19 vaccine shows 95% effectiveness,1
COVID-19 vaccine shows 95% effectiveness,1
Local startup raises $10M in funding,1
Massive earthquake devastates city,0
Peace talks between nations show progress,1
Unemployment rate drops significantly,1
COVID-19 cases spike across the country,0
Local startup raises $10M in funding,1
Stock market reaches record high,1
Wildfires destroy thousands of acres,0
Political unrest leads to violent protests,0
Education reforms receive widespread praise,1
"Oil prices surge, causing market panic",0
Breakthrough in cancer treatment announced,1
Education reforms receive widespread praise,1
Local startup raises $10M in funding,1
Wildfires destroy thousands of acres,0
Stock market plunges amid global tensions,0
Data breach affects millions of users,0
Education reforms receive widespread praise,1
Massive earthquake devastates city,0
Unemployment rate drops significantly,1
COVID-19 cases spike across the country,0
Breakthrough in cancer treatment announced,1
Rain brings relief after long drought,1
Stock market plunges amid global tensions,0
Massive earthquake devastates city,0
Peace talks between nations show progress,1
Floods displace thousands in coastal region,0
Rain brings relief after long drought,1
Terror attack kills dozens,0
Government announces tax relief for middle class,1
"Oil prices surge, causing market panic",0
Political unrest leads to violent protests,0
Political unrest leads to violent protests,0
Data breach affects millions of users,0
Breakthrough in cancer treatment announced,1
Peace talks between nations show progress,1
Terror attack kills dozens,0
Terror attack kills dozens,0
Data breach affects millions of users,0
"Oil prices surge, causing market panic",0
Floods displace thousands in coastal region,0
"Oil prices surge, causing market panic",0
Massive earthquake devastates city,0
Data breach affects millions of users,0
Wildfires destroy thousands of acres,0
Wildfires destroy thousands of acres,0
Local startup raises $10M in funding,1
COVID-19 vaccine shows 95% effectiveness,1
Rain brings relief after long drought,1
Local startup raises $10M in funding,1
New green policy to reduce emissions,1
Floods displace thousands in coastal region,0
COVID-19 vaccine shows 95% effectiveness,1
Stock market plunges amid global tensions,0
Government announces tax relief for middle class,1
Corruption scandal rocks local government,0
"Oil prices surge, causing market panic",0
Government announces tax relief for middle class,1
Unemployment rate drops significantly,1
Unemployment rate drops significantly,1
Floods displace thousands in coastal region,0
Rain brings relief after long drought,1
Political unrest leads to violent protests,0
Education reforms receive widespread praise,1
Floods displace thousands in coastal region,0
Local startup raises $10M in funding,1
Local startup raises $10M in funding,1
"Oil prices surge, causing market panic",0
COVID-19 vaccine shows 95% effectiveness,1
Rain brings relief after long drought,1
New green policy to reduce emissions,1
Corruption scandal rocks local government,0
COVID-19 vaccine shows 95% effectiveness,1
Political unrest leads to violent protests,0
Local startup raises $10M in funding,1
Government announces tax relief for middle class,1
"Oil prices surge, causing market panic",0
Wildfires destroy thousands of acres,0
COVID-19 vaccine shows 95% effectiveness,1
Political unrest leads to violent protests,0
Floods displace thousands in coastal region,0
Stock market plunges amid global tensions,0
Political unrest leads to violent protests,0
New green policy to reduce emissions,1
COVID-19 cases spike across the country,0
Wildfires destroy thousands of acres,0
Terror attack kills dozens,0
Floods displace thousands in coastal region,0
COVID-19 cases spike across the country,0
Wildfires destroy thousands of acres,0
"Oil prices surge, causing market panic",0
Political unrest leads to violent protests,0
New green policy to reduce emissions,1
New green policy to reduce emissions,1
Stock market reaches record high,1
Massive earthquake devastates city,0
Stock market plunges amid global tensions,0
COVID-19 cases spike across the country,0
Political unrest leads to violent protests,0
Stock market plunges amid global tensions,0
New green policy to reduce emissions,1
Stock market plunges amid global tensions,0
Breakthrough in cancer treatment announced,1
Data breach affects millions of users,0
Local startup raises $10M in funding,1
Wildfires destroy thousands of acres,0
Stock market reaches record high,1
Unemployment rate drops significantly,1
Floods displace thousands in coastal region,0
Government announces tax relief for middle class,1
"Oil prices surge, causing market panic",0
Political unrest leads to violent protests,0
Stock market reaches record high,1
Stock market plunges amid global tensions,0
Unemployment rate drops significantly,1
Massive earthquake devastates city,0
Terror attack kills dozens,0
Government announces tax relief for middle class,1
New green policy to reduce emissions,1
Political unrest leads to violent protests,0
Political unrest leads to violent protests,0
Government announces tax relief for middle class,1
Corruption scandal rocks local government,0
Peace talks between nations show progress,1
Political unrest leads to violent protests,0
"Oil prices surge, causing market panic",0
Government announces tax relief for middle class,1
Peace talks between nations show progress,1
Massive earthquake devastates city,0
Wildfires destroy thousands of acres,0
Breakthrough in cancer treatment announced,1
New green policy to reduce emissions,1
Unemployment rate drops significantly,1
Breakthrough in cancer treatment announced,1
COVID-19 vaccine shows 95% effectiveness,1
Stock market reaches record high,1
Stock market plunges amid global tensions,0
Stock market plunges amid global tensions,0
Stock market reaches record high,1
Wildfires destroy thousands of acres,0
Stock market reaches record high,1
Wildfires destroy thousands of acres,0
COVID-19 cases spike across the country,0
Terror attack kills dozens,0
COVID-19 cases spike across the country,0
Stock market reaches record high,1
Local startup raises $10M in funding,1
Terror attack kills dozens,0
Breakthrough in cancer treatment announced,1
"Oil prices surge, causing market panic",0
Data breach affects millions of users,0
Terror attack kills dozens,0
Political unrest leads to violent protests,0
Political unrest leads to violent protests,0
Education reforms receive widespread praise,1
Breakthrough in cancer treatment announced,1
Stock market reaches record high,1
Rain brings relief after long drought,1
COVID-19 vaccine shows 95% effectiveness,1
Floods displace thousands in coastal region,0
Terror attack kills dozens,0
Political unrest leads to violent protests,0
Stock market reaches record high,1
Floods displace thousands in coastal region,0
Local startup raises $10M in funding,1
COVID-19 vaccine shows 95% effectiveness,1
Massive earthquake devastates city,0
Stock market reaches record high,1
Government announces tax relief for middle class,1
Unemployment rate drops significantly,1
Terror attack kills dozens,0
Rain brings relief after long drought,1
Local startup raises $10M in funding,1
Floods displace thousands in coastal region,0
Wildfires destroy thousands of acres,0
Massive earthquake devastates city,0
Wildfires destroy thousands of acres,0
Wildfires destroy thousands of acres,0
Terror attack kills dozens,0
Floods displace thousands in coastal region,0
Breakthrough in cancer treatment announced,1
Unemployment rate drops significantly,1
Terror attack kills dozens,0
COVID-19 vaccine shows 95% effectiveness,1
Wildfires destroy thousands of acres,0
Rain brings relief after long drought,1
"Oil prices surge, causing market panic",0
New green policy to reduce emissions,1
Breakthrough in cancer treatment announced,1
Rain brings relief after long drought,1
Peace talks between nations show progress,1
Government announces tax relief for middle class,1
Stock market plunges amid global tensions,0
Data breach affects millions of users,0
Rain brings relief after long drought,1
Rain brings relief after long drought,1
Peace talks between nations show progress,1
COVID-19 vaccine shows 95% effectiveness,1
COVID-19 cases spike across the country,0
"Oil prices surge, causing market panic",0
Unemployment rate drops significantly,1
Government announces tax relief for middle class,1
"Oil prices surge, causing market panic",0
Education reforms receive widespread praise,1
Political unrest leads to violent protests,0
Rain brings relief after long drought,1
COVID-19 vaccine shows 95% effectiveness,1
Rain brings relief after long drought,1
Stock market reaches record high,1
Peace talks between nations show progress,1
Corruption scandal rocks local government,0
Unemployment rate drops significantly,1
Corruption scandal rocks local government,0
New green policy to reduce emissions,1
Rain brings relief after long drought,1
Breakthrough in cancer treatment announced,1
Government announces tax relief for middle class,1
Government announces tax relief for middle class,1
Government announces tax relief for middle class,1
Breakthrough in cancer treatment announced,1
Stock market plunges amid global tensions,0
Wildfires destroy thousands of acres,0
Unemployment rate drops significantly,1
Wildfires destroy thousands of acres,0
Education reforms receive widespread praise,1
Peace talks between nations show progress,1
Wildfires destroy thousands of acres,0
Education reforms receive widespread praise,1
Breakthrough in cancer treatment announced,1
Stock market reaches record high,1
COVID-19 vaccine shows 95% effectiveness,1
COVID-19 cases spike across the country,0
Rain brings relief after long drought,1
New green policy to reduce emissions,1
Peace talks between nations show progress,1
Education reforms receive widespread praise,1
Education reforms receive widespread praise,1
Massive earthquake devastates city,0
Local startup raises $10M in funding,1
Corruption scandal rocks local government,0
Peace talks between nations show progress,1
Massive earthquake devastates city,0
Political unrest leads to violent protests,0
Terror attack kills dozens,0
Unemployment rate drops significantly,1
Terror attack kills dozens,0
Terror attack kills dozens,0
Local startup raises $10M in funding,1
Rain brings relief after long drought,1
Corruption scandal rocks local government,0
Massive earthquake devastates city,0
New green policy to reduce emissions,1
Stock market reaches record high,1
Government announces tax relief for middle class,1
Unemployment rate drops significantly,1
Data breach affects millions of users,0
COVID-19 cases spike across the country,0
Massive earthquake devastates city,0
Rain brings relief after long drought,1
COVID-19 vaccine shows 95% effectiveness,1
Unemployment rate drops significantly,1
Breakthrough in cancer treatment announced,1
Terror attack kills dozens,0
Government announces tax relief for middle class,1
Stock market reaches record high,1
Peace talks between nations show progress,1
Corruption scandal rocks local government,0
Unemployment rate drops significantly,1
Rain brings relief after long drought,1
"Oil prices surge, causing market panic",0
Stock market plunges amid global tensions,0
Local startup raises $10M in funding,1
Stock market reaches record high,1
Corruption scandal rocks local government,0
Peace talks between nations show progress,1
Unemployment rate drops significantly,1
"Oil prices surge, causing market panic",0
Terror attack kills dozens,0
Data breach affects millions of users,0
Unemployment rate drops significantly,1
Political unrest leads to violent protests,0
Data breach affects millions of users,0
Data breach affects millions of users,0
COVID-19 cases spike across the country,0
Peace talks between nations show progress,1
COVID-19 cases spike across the country,0
Unemployment rate drops significantly,1
Terror attack kills dozens,0
Breakthrough in cancer treatment announced,1
Political unrest leads to violent protests,0
New green policy to reduce emissions,1
Local startup raises $10M in funding,1
Education reforms receive widespread praise,1
COVID-19 cases spike across the country,0
Education reforms receive widespread praise,1
"Oil prices surge, causing market panic",0
Political unrest leads to violent protests,0
Stock market plunges amid global tensions,0
Corruption scandal rocks local government,0
Peace talks between nations show progress,1
Stock market plunges amid global tensions,0
COVID-19 cases spike across the country,0
Terror attack kills dozens,0
Government announces tax relief for middle class,1
COVID-19 cases spike across the country,0
Terror attack kills dozens,0
Unemployment rate drops significantly,1
Corruption scandal rocks local government,0
Local startup raises $10M in funding,1
Peace talks between nations show progress,1
COVID-19 vaccine shows 95% effectiveness,1
COVID-19 cases spike across the country,0
Peace talks between nations show progress,1
Rain brings relief after long drought,1
Stock market plunges amid global tensions,0
Stock market reaches record high,1
Political unrest leads to violent protests,0
Government announces tax relief for middle class,1
Rain brings relief after long drought,1
New green policy to reduce emissions,1
Government announces tax relief for middle class,1
Political unrest leads to violent protests,0
COVID-19 cases spike across the country,0
Rain brings relief after long drought,1
Breakthrough in cancer treatment announced,1
Education reforms receive widespread praise,1
Wildfires destroy thousands of acres,0
Education reforms receive widespread praise,1
Stock market reaches record high,1
Wildfires destroy thousands of acres,0
Floods displace thousands in coastal region,0
COVID-19 cases spike across the country,0
Government announces tax relief for middle class,1
COVID-19 vaccine shows 95% effectiveness,1
COVID-19 vaccine shows 95% effectiveness,1
Terror attack kills dozens,0
Peace talks between nations show progress,1
Stock market reaches record high,1
Political unrest leads to violent protests,0
Unemployment rate drops significantly,1
Unemployment rate drops significantly,1
Stock market reaches record high,1
Unemployment rate drops significantly,1
Massive earthquake devastates city,0
Massive earthquake devastates city,0
Unemployment rate drops significantly,1
"Oil prices surge, causing market panic",0
Unemployment rate drops significantly,1
COVID-19 vaccine shows 95% effectiveness,1
Wildfires destroy thousands of acres,0
Education reforms receive widespread praise,1
Terror attack kills dozens,0
Government announces tax relief for middle class,1
Terror attack kills dozens,0
Government announces tax relief for middle class,1
Political unrest leads to violent protests,0
Floods displace thousands in coastal region,0
Stock market plunges amid global tensions,0
Massive earthquake devastates city,0
Peace talks between nations show progress,1
Peace talks between nations show progress,1
Data breach affects millions of users,0
Education reforms receive widespread praise,1
Political unrest leads to violent protests,0
Massive earthquake devastates city,0
COVID-19 vaccine shows 95% effectiveness,1
Massive earthquake devastates city,0
COVID-19 cases spike across the country,0
Local startup raises $10M in funding,1
Government announces tax relief for middle class,1
Local startup raises $10M in funding,1
COVID-19 cases spike across the country,0
Massive earthquake devastates city,0
"Oil prices surge, causing market panic",0
Massive earthquake devastates city,0
Government announces tax relief for middle class,1
Unemployment rate drops significantly,1
COVID-19 vaccine shows 95% effectiveness,1
"Oil prices surge, causing market panic",0
COVID-19 cases spike across the country,0
Floods displace thousands in coastal region,0
COVID-19 vaccine shows 95% effectiveness,1
Data breach affects millions of users,0
Data breach affects millions of users,0
Massive earthquake devastates city,0
COVID-19 cases spike across the country,0
Government announces tax relief for middle class,1
Rain brings relief after long drought,1
Data breach affects millions of users,0
Stock market plunges amid global tensions,0
Breakthrough in cancer treatment announced,1
Stock market plunges amid global tensions,0
"Oil prices surge, causing market panic",0
Stock market reaches record high,1
Rain brings relief after long drought,1
Stock market plunges amid global tensions,0
Terror attack kills dozens,0
"Oil prices surge, causing market panic",0
COVID-19 cases spike across the country,0
Data breach affects millions of users,0
Stock market reaches record high,1
"Oil prices surge, causing market panic",0
Local startup raises $10M in funding,1
COVID-19 vaccine shows 95% effectiveness,1
Local startup raises $10M in funding,1
Education reforms receive widespread praise,1
"Oil prices surge, causing market panic",0
COVID-19 cases spike across the country,0
Wildfires destroy thousands of acres,0
Political unrest leads to violent protests,0
Government announces tax relief for middle class,1
Unemployment rate drops significantly,1
Stock market reaches record high,1
Stock market plunges amid global tensions,0
Massive earthquake devastates city,0
Data breach affects millions of users,0
Stock market plunges amid global tensions,0
Wildfires destroy thousands of acres,0
Education reforms receive widespread praise,1
Terror attack kills dozens,0
Corruption scandal rocks local government,0
Unemployment rate drops significantly,1
Unemployment rate drops significantly,1
Breakthrough in cancer treatment announced,1
Stock market reaches record high,1
Unemployment rate drops significantly,1
"Oil prices surge, causing market panic",0
Rain brings relief after long drought,1
Data breach affects millions of users,0
Rain brings relief after long drought,1
Peace talks between nations show progress,1
Data breach affects millions of users,0
COVID-19 vaccine shows 95% effectiveness,1
Unemployment rate drops significantly,1
Wildfires destroy thousands of acres,0
Corruption scandal rocks local government,0
New green policy to reduce emissions,1
Breakthrough in cancer treatment announced,1
Stock market plunges amid global tensions,0
Corruption scandal rocks local government,0
Wildfires destroy thousands of acres,0
Data breach affects millions of users,0
Floods displace thousands in coastal region,0
Breakthrough in cancer treatment announced,1
Political unrest leads to violent protests,0
Government announces tax relief for middle class,1
Education reforms receive widespread praise,1
Political unrest leads to violent protests,0
New green policy to reduce emissions,1
Terror attack kills dozens,0
Stock market reaches record high,1
"Oil prices surge, causing market panic",0
Data breach affects millions of users,0
"Oil prices surge, causing market panic",0
COVID-19 cases spike across the country,0
Government announces tax relief for middle class,1
Floods displace thousands in coastal region,0
Stock market plunges amid global tensions,0
Wildfires destroy thousands of acres,0
Local startup raises $10M in funding,1
Stock market reaches record high,1
COVID-19 cases spike across the country,0
COVID-19 vaccine shows 95% effectiveness,1
New green policy to reduce emissions,1
Political unrest leads to violent protests,0
Unemployment rate drops significantly,1
Peace talks between nations show progress,1
Unemployment rate drops significantly,1
Floods displace thousands in coastal region,0
Breakthrough in cancer treatment announced,1
Education reforms receive widespread praise,1
"Oil prices surge, causing market panic",0
Corruption scandal rocks local government,0
Education reforms receive widespread praise,1
Unemployment rate drops significantly,1
"Oil prices surge, causing market panic",0
Stock market plunges amid global tensions,0
Peace talks between nations show progress,1
Unemployment rate drops significantly,1
Breakthrough in cancer treatment announced,1
Corruption scandal rocks local government,0
Government announces tax relief for middle class,1
Unemployment rate drops significantly,1
Unemployment rate drops significantly,1
Stock market reaches record high,1
Wildfires destroy thousands of acres,0
Terror attack kills dozens,0
Massive earthquake devastates city,0
COVID-19 vaccine shows 95% effectiveness,1
"Oil prices surge, causing market panic",0
Breakthrough in cancer treatment announced,1
Terror attack kills dozens,0
Terror attack kills dozens,0
Corruption scandal rocks local government,0
Unemployment rate drops significantly,1
Rain brings relief after long drought,1
New green policy to reduce emissions,1
Terror attack kills dozens,0
Data breach affects millions of users,0
New green policy to reduce emissions,1
New green policy to reduce emissions,1
Floods displace thousands in coastal region,0
Local startup raises $10M in funding,1
COVID-19 vaccine shows 95% effectiveness,1
"Oil prices surge, causing market panic",0
Peace talks between nations show progress,1
Massive earthquake devastates city,0
Political unrest leads to violent protests,0
"Oil prices surge, causing market panic",0
COVID-19 vaccine shows 95% effectiveness,1
Peace talks between nations show progress,1
Wildfires destroy thousands of acres,0
COVID-19 vaccine shows 95% effectiveness,1
Wildfires destroy thousands of acres,0
"Oil prices surge, causing market panic",0
Floods displace thousands in coastal region,0
COVID-19 vaccine shows 95% effectiveness,1
COVID-19 vaccine shows 95% effectiveness,1
Unemployment rate drops significantly,1
Terror attack kills dozens,0
Stock market reaches record high,1
Floods displace thousands in coastal region,0
Peace talks between nations show progress,1
Stock market plunges amid global tensions,0
Data breach affects millions of users,0
Data breach affects millions of users,0
COVID-19 cases spike across the country,0
Massive earthquake devastates city,0
Wildfires destroy thousands of acres,0
Wildfires destroy thousands of acres,0
Data breach affects millions of users,0
Data breach affects millions of users,0
Floods displace thousands in coastal region,0
Corruption scandal rocks local government,0
Wildfires destroy thousands of acres,0
Education reforms receive widespread praise,1
Massive earthquake devastates city,0
Unemployment rate drops significantly,1
Data breach affects millions of users,0
Unemployment rate drops significantly,1
Local startup raises $10M in funding,1
Massive earthquake devastates city,0
COVID-19 vaccine shows 95% effectiveness,1
Local startup raises $10M in funding,1
Data breach affects millions of users,0
New green policy to reduce emissions,1
Rain brings relief after long drought,1
Rain brings relief after long drought,1
Breakthrough in cancer treatment announced,1
New green policy to reduce emissions,1
"Oil prices surge, causing market panic",0
Massive earthquake devastates city,0
Wildfires destroy thousands of acres,0
Wildfires destroy thousands of acres,0
Floods displace thousands in coastal region,0
Unemployment rate drops significantly,1
Corruption scandal rocks local government,0
Breakthrough in cancer treatment announced,1
Unemployment rate drops significantly,1
Local startup raises $10M in funding,1
Peace talks between nations show progress,1
Stock market reaches record high,1
Stock market plunges amid global tensions,0
COVID-19 vaccine shows 95% effectiveness,1
Stock market reaches record high,1
Breakthrough in cancer treatment announced,1
